{
  "phases": {
    "warmup": {
      "duration_range": [
        48.0,
        72.0
      ],
      "power": {
        "mean": 106.75235109717869,
        "std": 82.49107891039414,
        "range": [
          0,
          231
        ]
      },
      "cadence": {
        "mean": 38.025078369905955,
        "std": 18.04883307549052,
        "range": [
          0.0,
          59.0
        ]
      },
      "speed": {
        "mean": 22.71485893416928,
        "std": 10.808439890076475,
        "range": [
          0.0,
          35.23
        ]
      },
      "heart_rate": {
        "mean": 98.4140350877193,
        "std": 21.508198883777244,
        "range": [
          64,
          150
        ]
      }
    },
    "main_workout": {
      "duration_range": [
        433.6,
        650.4
      ],
      "power": {
        "mean": 199.54465161923454,
        "std": 46.30004559769938,
        "range": [
          0,
          296
        ]
      },
      "cadence": {
        "mean": 54.52404317958783,
        "std": 9.893050930886789,
        "range": [
          0.0,
          64.0
        ]
      },
      "speed": {
        "mean": 32.60556427870461,
        "std": 5.92142342297566,
        "range": [
          0.0,
          38.29
        ]
      },
      "heart_rate": {
        "mean": 156.46614327772326,
        "std": 14.818733893533185,
        "range": [
          84,
          180
        ]
      }
    },
    "cooldown": {
      "duration_range": [
        6.4,
        9.6
      ],
      "power": {
        "mean": 23.555555555555557,
        "std": 25.075441726473688,
        "range": [
          0,
          66
        ]
      },
      "cadence": {
        "mean": 16.444444444444443,
        "std": 15.977414614942488,
        "range": [
          0.0,
          36.0
        ]
      },
      "speed": {
        "mean": 9.813333333333333,
        "std": 9.541861715619232,
        "range": [
          0.0,
          21.56
        ]
      },
      "heart_rate": {
        "mean": 175.22222222222223,
        "std": 1.3944333775567925,
        "range": [
          173,
          177
        ]
      }
    }
  },
  "correlations": {
    "power_cadence": 0.9728707299401902,
    "power_speed": 0.9730353186959594,
    "cadence_speed": 0.9999694190247134,
    "heart_rate_power": 0.7362072096262388
  },
  "overall_stats": {
    "total_duration": 613,
    "max_power": 296,
    "avg_power": 184.33048875096975,
    "max_cadence": 64.0,
    "avg_cadence": 52.62839410395655,
    "max_speed": 38.29,
    "avg_speed": 31.465810705973624,
    "heart_rate_range": [
      64,
      180
    ]
  },
  "data_quality": {
    "zero_power_percentage": 4.305864884929473,
    "zero_cadence_percentage": 4.305864884929473,
    "zero_speed_percentage": 4.305864884929473,
    "data_consistency": {
      "avg_time_gap": 0.45319465081723626,
      "time_gap_std": 10.441465494964248,
      "expected_frequency": 1.0
    }
  }
}